DIRECTOR_ID,NAME
1,Jessica Rivera
2,Sara Gamble
3,Daniel Freeman
4,Gerald Friedman
5,Kevin Daniels
6,Gary Stanley
7,David Murray
8,Ricardo Smith
9,Cindy Miller
10,Katherine Fox
11,Tyler Blevins
12,Catherine Buchanan
13,Kaitlin Maldonado
14,Yvonne Hernandez
15,Melvin Long
16,James Joseph
17,Cheryl Moore
18,Virginia Wright
19,Susan Evans
20,Joe Martin
21,Michael Hernandez
22,Troy Miller
23,Jonathan Silva
24,Brian Brown
25,Dennis Morris
26,Jose Davis
27,Dr. Joseph Rogers
28,Joshua Sandoval
29,Nicole Nelson
30,Sharon Miller
31,Chelsea Vance
32,Michael Bass
33,Sherry Howard
34,Wendy Allen
35,Sarah Carr
36,Tanya Stark
37,Jennifer Barber
38,Rebecca Harvey
39,Karen Kerr
40,Caleb Leon
41,Erika Green
42,Abigail Lozano
43,Angel Matthews
44,Traci Mahoney
45,Shelby Durham
46,Amy Delgado
47,Barbara Cohen
48,Eric Colon
49,Mark Oliver
50,Michael Dennis
51,Preston Carr
52,Jordan Spencer
53,Melinda Powell
54,Janice Rivera
55,Jesse Zimmerman
56,Michael Ochoa
57,Scott Johnson
58,Dorothy Russell
59,Kevin White
60,Paul Bryan
61,Ryan Davis
62,Tyler Perez MD
63,Sarah Cook
64,Christopher Matthews
65,Andrea Olson
66,Connor Sullivan
67,Antonio Ward
68,Olivia Gutierrez
69,Holly Hayes
70,Caleb Steele
71,Elizabeth Reed
72,Tina Cooper
73,Jeremy Roberson
74,Randy Bass
75,Michael Young
76,Megan Griffin
77,Maureen Abbott
78,Bailey Chen
79,Carla Burton
80,Brittany Miller
81,Adrian Hanson DVM
82,Tracy Brown
83,Katie Wright
84,Kirsten George
85,Craig Simon
86,Heather Hansen
87,Whitney Hines
88,Jessica Lewis
89,William Butler
90,Nicole Murphy
91,Jessica Cole
92,Charles Clements
93,Erica Norris
94,Candace Dunn
95,Angelica King
96,Jenna Miller
97,Melissa Adams
98,Jessica Owen
99,Grant Lucero
100,Dorothy Melton
